title,link
北京历史文化十五讲,北京大学十五讲系列
文学与人生十五讲,北京大学十五讲系列
现代天文学十五讲,北京大学十五讲系列
清史十五讲,北京大学十五讲系列
丝绸之路考古十五讲,北京大学十五讲系列
中国近代史十五讲,北京大学十五讲系列
中国历史地理十五讲,北京大学十五讲系列
中国历史十五讲,北京大学十五讲系列
丝路文明十五讲,北京大学十五讲系列
道教文化十五讲（第二版）（名家通识讲座书系）,北京大学十五讲系列
戏剧艺术十五讲,北京大学十五讲系列
中国传统建筑十五讲,北京大学十五讲系列
中国传统文化十五讲（名家通识讲座书系）,北京大学十五讲系列
美育十五讲,北京大学十五讲系列
中国美学十五讲,北京大学十五讲系列
中国哲学十五讲,北京大学十五讲系列
宋明理学十五讲,北京大学十五讲系列
《周易》经传十五讲,北京大学十五讲系列
红楼梦十五讲,北京大学十五讲系列
鲁迅作品十五讲,北京大学十五讲系列
唐诗宋词十五讲（第2版）（名家通识讲座书系）,北京大学十五讲系列
通俗文学十五讲,北京大学十五讲系列
中国古代诗学十五讲 (名家通识讲座书系),北京大学十五讲系列
中国文学十五讲（第二版）,北京大学十五讲系列
中国现当代文学名篇十五讲（第二版）（名家通识讲座书系）,北京大学十五讲系列
口才训练十五讲,北京大学十五讲系列
审美阅读十五讲（名家通识讲座书系）,北京大学十五讲系列
汉语和汉语研究十五讲,北京大学十五讲系列
俄罗斯文化十五讲,北京大学十五讲系列
科学史十五讲,北京大学十五讲系列
美国历史十五讲,北京大学十五讲系列
名家通识讲座书系:美国文化与社会十五讲(第2版),北京大学十五讲系列
欧洲文明十五讲（典藏版）,北京大学十五讲系列
人类生物学十五讲,北京大学十五讲系列
世界现代化进程十五讲,北京大学十五讲系列
政治学十五讲,北京大学十五讲系列
中国现当代文学名篇十五讲（第二版）（名家通识讲座书系）,北京大学十五讲系列
口才训练十五讲,北京大学十五讲系列
审美阅读十五讲（名家通识讲座书系）,北京大学十五讲系列
汉语和汉语研究十五讲,北京大学十五讲系列
俄罗斯文化十五讲,北京大学十五讲系列
科学史十五讲,北京大学十五讲系列
美国历史十五讲,北京大学十五讲系列
名家通识讲座书系:美国文化与社会十五讲(第2版),北京大学十五讲系列
欧洲文明十五讲（典藏版）,北京大学十五讲系列
人类生物学十五讲,北京大学十五讲系列
世界现代化进程十五讲,北京大学十五讲系列
政治学十五讲,北京大学十五讲系列
西方文学十五讲（修订版）,北京大学十五讲系列
美学十五讲,北京大学十五讲系列
音乐欣赏十五讲（第三版）,北京大学十五讲系列
西方美术史十五讲,北京大学十五讲系列
艺术设计十五讲,北京大学十五讲系列
现当代建筑十五讲,北京大学十五讲系列
西方哲学十五讲,北京大学十五讲系列
宗教学基础十五讲,北京大学十五讲系列
名家通识讲座书系:文化哲学十五讲(第2版),北京大学十五讲系列
逻辑学十五讲（第二版）,北京大学十五讲系列
现代性与后现代性十五讲,北京大学十五讲系列
哲学修养十五讲,北京大学十五讲系列
科技哲学十五讲,北京大学十五讲系列
美学十五讲,北京大学十五讲系列
音乐欣赏十五讲（第三版）,北京大学十五讲系列
西方美术史十五讲,北京大学十五讲系列
艺术设计十五讲,北京大学十五讲系列
现当代建筑十五讲,北京大学十五讲系列
西方哲学十五讲,北京大学十五讲系列
宗教学基础十五讲,北京大学十五讲系列
名家通识讲座书系:文化哲学十五讲(第2版),北京大学十五讲系列
逻辑学十五讲（第二版）,北京大学十五讲系列
现代性与后现代性十五讲,北京大学十五讲系列
哲学修养十五讲,北京大学十五讲系列
科技哲学十五讲,北京大学十五讲系列
青年心理健康十五讲 (名家通识讲座书系),北京大学十五讲系列
心理学十五讲,北京大学十五讲系列
性健康十五讲,北京大学十五讲系列
